排名靠前的网页,点击次数,展示,点击率,排名
https://www.visutry.com/en/blog/ai-face-analysis-for-glasses-guide,171,4291,3.99%,9.22
https://www.visutry.com/en/face-analysis,92,777,11.84%,7.83
https://www.visutry.com/,85,310,27.42%,9.63
https://www.visutry.com/en/blog/rayban-glasses-virtual-tryon-guide,15,1442,1.04%,6.8
https://www.visutry.com/ru,13,111,11.71%,8.58
https://www.visutry.com/en/blog/oliver-peoples-finley-vintage-review,8,586,1.37%,6.57
https://www.visutry.com/en,6,38,15.79%,24.74
https://www.visutry.com/pt,5,81,6.17%,9.06
https://www.visutry.com/ru/blog/oliver-peoples-finley-vintage-review,3,76,3.95%,5.66
https://www.visutry.com/ja,3,17,17.65%,10.06
https://www.visutry.com/fr,2,9,22.22%,4.78
https://www.visutry.com/en/blog/best-ai-virtual-glasses-tryon-tools-2025,1,494,0.2%,17.04
https://www.visutry.com/ja/blog/best-ai-virtual-glasses-tryon-tools-2025,1,123,0.81%,10.86
https://www.visutry.com/en/glasses-for-face-shape,0,113,0%,18.54
https://www.visutry.com/en/sunglasses-for-face-shape,0,61,0%,39.26
https://www.visutry.com/blog/best-glasses-for-face-shapes-guide,0,45,0%,7.98
https://www.visutry.com/pricing,0,33,0%,3.58
https://www.visutry.com/en/privacy,0,23,0%,2.74
https://www.visutry.com/id/blog/tag/Virtual Try-On,0,19,0%,2.37
https://www.visutry.com/ar/sunglasses-for-face-shape,0,16,0%,11.44
https://www.visutry.com/refund,0,12,0%,4.67
https://www.visutry.com/en/blog/tag/Designer Glasses,0,11,0%,1
https://www.visutry.com/en/pricing,0,11,0%,3
https://www.visutry.com/id/sunglasses-for-face-shape,0,6,0%,6.5
https://www.visutry.com/privacy,0,5,0%,4.6
https://www.visutry.com/id/blog/best-glasses-for-face-shapes-guide,0,4,0%,1
https://www.visutry.com/ru/blog/tag/Frame Guide,0,4,0%,1
https://www.visutry.com/ru/blog/tag/Virtual Try-On,0,4,0%,1
https://www.visutry.com/ru/blog/tag/Product Review,0,4,0%,3
https://www.visutry.com/pt/sunglasses-for-face-shape,0,4,0%,17.25
https://www.visutry.com/id/auth/signin,0,3,0%,1
https://www.visutry.com/_next/image?url=/assets/face-analysis/model-face-square-report.jpg&w=3840&q=75,0,3,0%,4.33
https://www.visutry.com/en/blog/how-to-choose-glasses-for-your-face,0,2,0%,1
https://www.visutry.com/id/pricing,0,2,0%,1
https://www.visutry.com/pt/user/hmdrs2002,0,2,0%,1
https://www.visutry.com/ru/blog/tag/Eyeglass Materials,0,2,0%,1
https://www.visutry.com/ru/blog/tag/How-To,0,2,0%,1
https://www.visutry.com/auth/signin,0,2,0%,6
https://www.visutry.com/es/blog/tag/Vintage Eyewear,0,1,0%,2
https://www.visutry.com/ru/pricing,0,1,0%,5
https://www.visutry.com/es/blog/tag/Browline Glasses,0,1,0%,7
https://www.visutry.com/es/blog/tag/Prescription Glasses,0,1,0%,9
https://www.visutry.com/de/blog/tag/Browline Glasses,0,1,0%,11
https://www.visutry.com/de/sunglasses-for-face-shape,0,1,0%,11