热门查询,点击次数,展示,点击率,排名
visutry,79,87,90.8%,1
which glasses suit my face ai,22,373,5.9%,8.41
which glasses suit my face ai free,21,497,4.23%,8.02
face shape detector for glasses,7,257,2.72%,9.78
what glasses suit my face ai,5,34,14.71%,8
ray ban virtual try on,4,277,1.44%,6.32
face shape detector for glasses online free,3,28,10.71%,8.5
ai glasses face shape,2,80,2.5%,19.16
best glasses for my face ai,2,41,4.88%,10.93
ai face shape detector for glasses,2,18,11.11%,6.17
ai best glasses for my face,2,16,12.5%,9.31
онлайн примерка очков,2,14,14.29%,10.71
glasses analysis,2,13,15.38%,7.77
face scan for glasses,2,9,22.22%,9.67
face scan for glasses shape,2,4,50%,7
rayban try on,1,84,1.19%,5.95
ray ban try on virtual,1,74,1.35%,6.24
glasses test on face,1,16,6.25%,9
sunglasses check on face ai,1,12,8.33%,9.33
what glasses fit my face ai,1,9,11.11%,7.67
ai to find best glasses for my face,1,6,16.67%,6.67
which sunglasses suit my face ai,1,6,16.67%,9.67
face shape detector sunglasses,1,5,20%,5.4
face shape detector,1,4,25%,5.5
face analysis for glasses,1,4,25%,7.5
face shape analyzer for glasses,1,4,25%,9.75
ai what glasses suit me,1,4,25%,11.75
raybans virtual try on,1,3,33.33%,8.33
face analyzer for glasses,1,3,33.33%,9
try ray ban online,1,2,50%,5
ai eyeglass frame selector,1,2,50%,6
tienes más opciones,1,1,100%,1
what webiste,1,1,100%,2
نعم,1,1,100%,2
best glasses shape for round face,1,1,100%,3
rosto,1,1,100%,3
which glasses suit me ai,1,1,100%,3
online,1,1,100%,5
how to check my face shape for glasses,1,1,100%,6
which glasses suit my face virtual try-on,1,1,100%,9
似合うメガネ診断 カメラ 無料,1,1,100%,10
ray ban try on,0,148,0%,5.84
ai virtual visor market,0,66,0%,75.55
ray-ban virtual try-on,0,53,0%,6.34
rayban virtual try on,0,40,0%,6.9
what glasses suit my face upload photo,0,32,0%,11.12
smart glasses face shape,0,22,0%,27.05
oliver peoples finley esq. () reviews,0,20,0%,8.85
try on ray bans,0,19,0%,9.68
oliver peoples finley vintage () reviews,0,17,0%,2.35
choosing the right ai glasses,0,15,0%,38.27
virtual try on ray ban,0,14,0%,11.93
scan my face for glasses,0,14,0%,12.71
online face shape detector for glasses,0,13,0%,9.69
rayban tryon,0,12,0%,6.33
what glasses suit me ai,0,12,0%,10
try on ray bans virtually,0,11,0%,7.45
oliver peoples finley esq () reviews,0,11,0%,7.73
ray ban try on glasses,0,11,0%,8.91
ai face shape,0,11,0%,9.18
teste virtual,0,11,0%,35.36
virtual try on tools comparison,0,10,0%,9
oliver peoples finley esq. sun () reviews,0,10,0%,9.7
try on ray ban glasses,0,10,0%,13.1
what would i look like with glasses,0,10,0%,28.6
oliver peoples finley () reviews,0,9,0%,3.89
face frame ai,0,9,0%,7.44
which glasses suit my face ai online free,0,9,0%,8.78
примерка очков,0,9,0%,8.89
face shape glasses ai,0,9,0%,9.56
rayban frame advisor,0,8,0%,2.88
ray bans try on virtual,0,8,0%,6.88
ray ban frame advisor,0,8,0%,7.5
frame advisor technology,0,8,0%,12.5
ray ban ar try on,0,8,0%,13.75
face shape sunglasses,0,8,0%,57.62
ray ban wayfarer try on,0,7,0%,5.14
ray ban sunglasses try on virtual,0,7,0%,5.29
virtual ray ban try on,0,7,0%,5.57
try on rayban,0,7,0%,7.43
ai glasses shape finder,0,7,0%,7.57
try on ray ban,0,7,0%,8.57
glasses face shape detector,0,7,0%,9
face shape scanner for glasses,0,7,0%,9.14
oliver peoples finley 1993 () reviews,0,7,0%,9.57
what glasses suit my face upload photo online free,0,7,0%,10.29
scan my face for glasses online free,0,7,0%,11.57
ai face shape detector,0,7,0%,11.86
test frames on your face,0,7,0%,50.43
rayban wayfarer try on,0,6,0%,5.67
face shape detector for glasses free,0,6,0%,6
virtual try on rayban,0,6,0%,6.17
what is my face shape for glasses upload photo,0,6,0%,8
check glasses on face online,0,6,0%,8.67
ray bans virtual try on,0,6,0%,8.67
virtual eyewear try on software,0,6,0%,42.17
sunglasses for face shape,0,6,0%,43.67
ai which glasses suit my face,0,5,0%,5.4
ray ban sunglasses virtual try on,0,5,0%,6.6
raybans try on,0,5,0%,6.8
what shape glasses suit my face upload photo,0,5,0%,6.8
face scanner for glasses,0,5,0%,7.4
glass check on face,0,5,0%,7.6
ray ban virtual try on glasses,0,5,0%,8.4
نظارات شمسية حسب شكل الوجه,0,5,0%,8.6
rayban sunglasses try on,0,5,0%,8.8
face shape detector glasses,0,5,0%,10.8
face shape glasses detector,0,5,0%,11.4
ray-ban virtual try on,0,4,0%,5.5
oliver peoples finley vintage ov5397u () reviews,0,4,0%,5.75
check face shape for glasses online,0,4,0%,9
face shape finder for glasses,0,4,0%,9.5
face specs detector,0,4,0%,9.5
ai face glasses,0,4,0%,10
faceframe ai,0,4,0%,10
face shape ai,0,4,0%,11.75
glasses for face shape upload photo,0,4,0%,12
oliver peoples review,0,4,0%,14.25
what do i look like with glasses,0,4,0%,23.5
test glasses on my face,0,4,0%,25.25
www.framescale-ai.com,0,4,0%,42.25
what glasses suit my face test online,0,4,0%,43.25
test glasses on your face,0,4,0%,46
visprit,0,4,0%,57.75
sunglasses for my face shape,0,4,0%,61.5
"act as a luxury eyewear stylist & face analysis expert. use the uploaded 
portrait to create one ultra-realistic persian rtl 9:16 luxury infographic. 
analyze face shape, proportions, jawline, eyes, nose and style. add short 
persian analysis. show: 1) 5 suitable luxury sunglasses from prada, miu 
miu, saint laurent, gentle monster, cartier, tom ford, oliver peoples or 
ray-ban with models and reasons. 2) 5 unsuitable real sunglasses labeled 
""نامناسب"" with reasons. 3) 5 premium optical frames from cartier, prada, 
tom ford, persol, moscot or ray-ban. use realistic virtual try-on only. 
keep exact face identity, hair, beard, expression, clothes, lighting, 
background and camera. change only glasses. luxury vogue/apple style, 
minimal white background, persian rtl typography, ultra-realistic. output 
only one 9:16 persian infographic.",0,3,0%,5.67
oliver peoples finley vintage on face,0,3,0%,5.67
ray ban glasses try on virtual,0,3,0%,5.67
ai for choosing glasses,0,3,0%,6.33
ray ban sunglasses try on,0,3,0%,6.33
virtual try on ray ban wayfarer,0,3,0%,6.33
glasses frame check on face,0,3,0%,6.67
ray bans try on,0,3,0%,7
choose glasses for your face online,0,3,0%,7.33
virtual try on ray ban sunglasses,0,3,0%,7.33
ray ban glasses try on,0,3,0%,7.67
frame check on face,0,3,0%,8
определитель внешности,0,3,0%,8
rayban glasses try on,0,3,0%,8.33
best glasses for my face shape ai,0,3,0%,9.33
how to check glasses on face online,0,3,0%,9.67
which glasses suit my face upload photo,0,3,0%,10.67
can ai pick the best glasses for my face?,0,3,0%,11
best glasses for face shape ai,0,3,0%,12
ai glasses frame selector,0,3,0%,13.33
virtual glasses try on with photo ai,0,3,0%,17
what ai glasses styles are best for different face shapes?,0,3,0%,17
best sunglasses for my face,0,3,0%,26.67
frame finder ai free,0,3,0%,30
virtual try on software glasses,0,3,0%,36.33
which glasses suit my face virtual try on,0,3,0%,43.33
best sunglasses for face shape,0,3,0%,52.67
check glasses on your face,0,3,0%,54.33
what glasses fit my face,0,3,0%,66
virtual try,0,3,0%,75.33
ray ban face shape detector,0,2,0%,3.5
face shape analysis for glasses,0,2,0%,4
rayban try on virtual,0,2,0%,4
oliver peoples finley on face,0,2,0%,4.5
what sunglasses suit my face,0,2,0%,4.5
face try,0,2,0%,5
visru,0,2,0%,5
oliver peoples finley vintage eyeglasses () reviews,0,2,0%,5.5
ai what glasses look best on me,0,2,0%,6
ray ban justin virtual try on,0,2,0%,6
rayban virtual tryon,0,2,0%,6
what are the top try on glasses online tools known for realistic output?,0,2,0%,6
ray ban online try on,0,2,0%,6.5
try.com,0,2,0%,6.5
oculos de sol para cada tipo de rosto,0,2,0%,7
ray ban wayfarer try on online,0,2,0%,7
ray-ban virtual try on tool,0,2,0%,7
rayban try,0,2,0%,7
rayban virtual,0,2,0%,7
online frame check on face,0,2,0%,7.5
ray ban sunglasses men virtual try on,0,2,0%,7.5
oliver peoples finley vintage sun () reviews,0,2,0%,8
ray ban aviator try on,0,2,0%,8
ray ban virtual,0,2,0%,8
ray ban wayfarer virtual try on,0,2,0%,8
scan face shape for glasses,0,2,0%,8
glasses check on face,0,2,0%,8.5
ai find glasses for my face,0,2,0%,9.5
check face shape for glasses,0,2,0%,9.5
find my face shape for glasses,0,2,0%,9.5
check my face shape for glasses,0,2,0%,10
how to determine face shape from photo for glasses,0,2,0%,10
what are the top try on glasses online tools available iphone?,0,2,0%,10
virtual try on ray bans,0,2,0%,10.5
which glasses suit my face app,0,2,0%,10.5
best teams building face measurement ai for glasses,0,2,0%,11
ray ban eyeglasses try on,0,2,0%,14
ai glasses try on,0,2,0%,14.5
try on glasses ray ban,0,2,0%,15.5
face shape for glasses detector,0,2,0%,19.5
virtual try-on tools,0,2,0%,22.5
see glasses on my face,0,2,0%,24
svistor,0,2,0%,26
ai glasses selector,0,2,0%,26.5
glasses try on tool,0,2,0%,26.5
ai eyewear try on,0,2,0%,28.5
who is my twin,0,2,0%,29.5
measure face for glasses online,0,2,0%,30
visuprime,0,2,0%,32.5
erviews,0,2,0%,34
frame finder ai,0,2,0%,34
what is my face shape for glasses,0,2,0%,36.5
virtry,0,2,0%,37
visuray,0,2,0%,39
how would i look with glasses,0,2,0%,42.5
best sunglasses for my face shape,0,2,0%,44
which sunglasses suit my face,0,2,0%,48.5
best sunglasses for your face shape,0,2,0%,51.5
virtual finder,0,2,0%,54.5
virtual try-on solutions for frames b2b,0,2,0%,60.5
see thru ai,0,2,0%,61.5
visor freeware,0,2,0%,67.5
online glasses test on face,0,2,0%,70.5
how to measure face for sunglasses,0,2,0%,72
glasses and shape of face,0,2,0%,78.5
visural,0,2,0%,88.5
ai choose glasses for me,0,1,0%,1
"i am in my 20-30s and navigating early adulthood, balancing personal and 
professional growth. i am digitally native, trend-aware, and forming my 
long-term tastes and preferences. can you recommend some eyewear brands 
known for their craftsmanship and design? for each brand, give me pros and 
cons in the context of craftsmanship and design.",0,1,0%,1
"i am in my 40s or older, with a lifetime of established tastes and 
preferences. i value quality, tradition, and timeless appeal over fleeting 
trends. can you recommend some eyewear brands known for their craftsmanship 
and design? for each brand, give me pros and cons in the context of 
craftsmanship and design.",0,1,0%,1
pesquisa por imagem google,0,1,0%,1
try face,0,1,0%,1
what are the best try on glasses online tools available online?,0,1,0%,1
what are the top try on glasses online tools known for real output?,0,1,0%,1
what glasses suit my face upload photo ai,0,1,0%,1
примерка очков онлайн бесплатно,0,1,0%,1
ano,0,1,0%,2
glasses for face shape male ai,0,1,0%,2
is it free,0,1,0%,2
really,0,1,0%,2
sunglasses for my face shape ai,0,1,0%,2
tenta denovo,0,1,0%,2
what about this one,0,1,0%,2
what glasses suit my face,0,1,0%,2
כן אשמח,0,1,0%,2
can you show some pictures,0,1,0%,3
more tools,0,1,0%,3
si,0,1,0%,3
sim,0,1,0%,3
sur pc,0,1,0%,3
wayfarer rayban,0,1,0%,3
визтрии,0,1,0%,3
app,0,1,0%,4
glasses for face shape male,0,1,0%,4
ray ban aviator virtual try on,0,1,0%,4
si por favor,0,1,0%,4
virtual glasses try on ray ban,0,1,0%,4
voilà,0,1,0%,4
yes,0,1,0%,4
óculos de sol,0,1,0%,4
ai sunglasses try on,0,1,0%,5
alternativen dazu,0,1,0%,5
are they good,0,1,0%,5
best virtual try on glasses apps 2026,0,1,0%,5
ray ban try online,0,1,0%,5
try on raybans,0,1,0%,5
van een foto,0,1,0%,5
what glasses best fit my face,0,1,0%,5
a okulary,0,1,0%,6
for free,0,1,0%,6
galaxy glasses,0,1,0%,6
glass try on face,0,1,0%,6
how to figure out what sunglasses look good on you,0,1,0%,6
myvisure,0,1,0%,6
ray-ban try on,0,1,0%,6
try glasses on,0,1,0%,6
try on sunglasses online ray ban,0,1,0%,6
which glasses suit my face ai upload photo,0,1,0%,6
"""face shape detector""",0,1,0%,7
ai glasses fitter,0,1,0%,7
check glasses on face,0,1,0%,7
check what glasses suit my face,0,1,0%,7
compare specs,0,1,0%,7
face sunglasses match ai,0,1,0%,7
glasses frames for women,0,1,0%,7
ray ban test online,0,1,0%,7
try glasses on face,0,1,0%,7
visuay,0,1,0%,7
ai eyeglass selector,0,1,0%,8
ai glasses fit and sizing,0,1,0%,8
ai glasses picker,0,1,0%,8
aviator,0,1,0%,8
best virtual try on glasses app 2026,0,1,0%,8
check specs on face online,0,1,0%,8
check which glasses suit my face online,0,1,0%,8
glasses face shape test,0,1,0%,8
ray ban try glasses,0,1,0%,8
ray ban try on at home,0,1,0%,8
ray-ban frame advisor technology,0,1,0%,8
rayban try on glasses,0,1,0%,8
tried face,0,1,0%,8
try on ray bans online,0,1,0%,8
use ai to find the best glasses for my face,0,1,0%,8
vistire,0,1,0%,8
ai try on glasses,0,1,0%,9
face detector for glasses,0,1,0%,9
face shape detector for sunglasses,0,1,0%,9
face structure analysis,0,1,0%,9
fittingbox virtual try on,0,1,0%,9
glass shape finder,0,1,0%,9
glass virtual try on,0,1,0%,9
oliver peoples finley esq sunglasses () reviews,0,1,0%,9
ray ban glasses virtual try on,0,1,0%,9
test sunglasses on my face,0,1,0%,9
try on ray ban sunglasses,0,1,0%,9
visiru,0,1,0%,9
visture,0,1,0%,9
what glasses suit my face upload photo female,0,1,0%,9
メガネサイズ,0,1,0%,9
ai glasses finder free,0,1,0%,10
face check for glasses,0,1,0%,10
glasses check on face online,0,1,0%,10
glasses recommendation ai,0,1,0%,10
ray ban ai try on,0,1,0%,10
try ray bans on virtually,0,1,0%,10
trycom ai,0,1,0%,10
virtual try on glasses tools,0,1,0%,10
visu store,0,1,0%,10
visuti,0,1,0%,10
what sunglasses suit my face ai,0,1,0%,10
which glasses suit my face app free,0,1,0%,10
примерить очки,0,1,0%,10
ai glasses fit,0,1,0%,11
best glasses shape for my face ai,0,1,0%,11
fitting,0,1,0%,11
oliver peoples finley esq sun () reviews,0,1,0%,11
sure,0,1,0%,11
visuat,0,1,0%,11
visuere,0,1,0%,11
ai glasses fitting,0,1,0%,12
ai sunglass finder,0,1,0%,12
oliver peoples finley vintage,0,1,0%,12
oliver peoples quality,0,1,0%,12
try on ray ban glasses online,0,1,0%,12
ray ban face scan,0,1,0%,13
ai glasses chooser,0,1,0%,15
glasses shape detector,0,1,0%,15
whats my face shape for glasses,0,1,0%,15
are oliver peoples glasses worth it,0,1,0%,16
vistury,0,1,0%,16
which glasses suit my face online,0,1,0%,16
ai face detector,0,1,0%,17
how to check face shape for glasses,0,1,0%,17
vizirecruiter,0,1,0%,17
glasses finder for face,0,1,0%,18
what are the top try on glasses online tools available app?,0,1,0%,20
what shape is my face for glasses,0,1,0%,20
メガネ バーチャル試着 無料,0,1,0%,20
ai for eyeglasses,0,1,0%,23
face shape sunglasses chart,0,1,0%,23
glass checker,0,1,0%,23
online face measurements for glasses,0,1,0%,23
virtual face shape finder,0,1,0%,23
visawire,0,1,0%,23
what would i look like in glasses,0,1,0%,23
my face with glasses,0,1,0%,24
glasses on my face,0,1,0%,25
ai 試着,0,1,0%,26
glasses checker,0,1,0%,26
glasses shape filter,0,1,0%,26
vc try,0,1,0%,26
virtual try on tools,0,1,0%,26
what is my face shape glasses,0,1,0%,26
óculos de sol formato do rosto,0,1,0%,26
ai試着,0,1,0%,27
web try,0,1,0%,27
see glasses on your face,0,1,0%,28
virtual try on cost comparison,0,1,0%,28
see what glasses look like on me,0,1,0%,29
óculos de sol para cada tipo de rosto,0,1,0%,29
faceshapedetector.ai,0,1,0%,30
de lectura,0,1,0%,31
online face shape finder with photo,0,1,0%,31
view glasses on my face,0,1,0%,31
glasses frame test online,0,1,0%,33
visthur,0,1,0%,33
viewtryp,0,1,0%,34
ai glasses finder,0,1,0%,35
face shape for sunglasses,0,1,0%,36
valistrator,0,1,0%,36
visu image,0,1,0%,37
see eyeglasses on my face,0,1,0%,38
sunglasses styles for face shape,0,1,0%,38
visure home,0,1,0%,39
eyewear try on software,0,1,0%,40
virtual eyeglasses try on software,0,1,0%,40
raybin,0,1,0%,43
face shape to glasses,0,1,0%,46
sunglass finder,0,1,0%,47
glasses for my face shape,0,1,0%,48
"visurenet,",0,1,0%,48
glasses and face shape,0,1,0%,49
visotears,0,1,0%,50
vistreet,0,1,0%,50
best virtual try on glasses software,0,1,0%,57
choosing sunglasses for your face shape,0,1,0%,58
try glasses on photo of face,0,1,0%,58
what sunglasses fit my face shape,0,1,0%,58
best virtual glasses try on,0,1,0%,59
sunglasses by face shape,0,1,0%,59
eyeglasses on face,0,1,0%,60
what shape of sunglasses suit my face,0,1,0%,64
what sunglasses fit my face,0,1,0%,65
glasses based on face shape,0,1,0%,67
which glasses suit my face shape,0,1,0%,67
glasses on face,0,1,0%,70
best frames for your face shape,0,1,0%,72
glasses for face type,0,1,0%,72
measure my face for glasses,0,1,0%,76
visicure,0,1,0%,77
visri,0,1,0%,79
what shape sunglasses for my face,0,1,0%,80
what type of glasses fit my face,0,1,0%,91